<?xml version="1.0"?>
<channel><item><url>index</url><pubDate><![CDATA[Sun, 29 Apr 2012 17:13:59 -0500]]></pubDate><title><![CDATA[Todo en suspensión]]></title><url><![CDATA[index]]></url><meta><![CDATA[]]></meta><metad><![CDATA[]]></metad><menu><![CDATA[Inicio]]></menu><menuOrder><![CDATA[1]]></menuOrder><menuStatus><![CDATA[Y]]></menuStatus><template><![CDATA[inicio.php]]></template><parent><![CDATA[]]></parent><private><![CDATA[]]></private><author><![CDATA[suspensiones]]></author><slug><![CDATA[index]]></slug><filename><![CDATA[index.xml]]></filename></item><item><url>nosotros</url><pubDate><![CDATA[Sun, 29 Apr 2012 17:12:45 -0500]]></pubDate><title><![CDATA[Acerca de Nosotros]]></title><url><![CDATA[nosotros]]></url><meta><![CDATA[]]></meta><metad><![CDATA[]]></metad><menu><![CDATA[Nosotros]]></menu><menuOrder><![CDATA[2]]></menuOrder><menuStatus><![CDATA[Y]]></menuStatus><template><![CDATA[template.php]]></template><parent><![CDATA[]]></parent><private><![CDATA[]]></private><author><![CDATA[suspensiones]]></author><slug><![CDATA[nosotros]]></slug><filename><![CDATA[nosotros.xml]]></filename></item><item><url>productos</url><pubDate><![CDATA[Sun, 29 Apr 2012 17:10:49 -0500]]></pubDate><title><![CDATA[Productos]]></title><url><![CDATA[productos]]></url><meta><![CDATA[]]></meta><metad><![CDATA[]]></metad><menu><![CDATA[Productos]]></menu><menuOrder><![CDATA[3]]></menuOrder><menuStatus><![CDATA[Y]]></menuStatus><template><![CDATA[template.php]]></template><parent><![CDATA[]]></parent><private><![CDATA[]]></private><author><![CDATA[suspensiones]]></author><slug><![CDATA[productos]]></slug><filename><![CDATA[productos.xml]]></filename></item><item><url>bolsa</url><pubDate><![CDATA[Sun, 29 Apr 2012 17:13:00 -0500]]></pubDate><title><![CDATA[Bolsa de trabajo]]></title><url><![CDATA[bolsa]]></url><meta><![CDATA[]]></meta><metad><![CDATA[]]></metad><menu><![CDATA[Bolsa de trabajo]]></menu><menuOrder><![CDATA[4]]></menuOrder><menuStatus><![CDATA[Y]]></menuStatus><template><![CDATA[bolsadetrabajo.php]]></template><parent><![CDATA[]]></parent><private><![CDATA[]]></private><author><![CDATA[suspensiones]]></author><slug><![CDATA[bolsa]]></slug><filename><![CDATA[bolsa.xml]]></filename></item><item><url>contacto</url><pubDate><![CDATA[Sun, 29 Apr 2012 17:13:06 -0500]]></pubDate><title><![CDATA[Contacto]]></title><url><![CDATA[contacto]]></url><meta><![CDATA[]]></meta><metad><![CDATA[]]></metad><menu><![CDATA[Contacto]]></menu><menuOrder><![CDATA[5]]></menuOrder><menuStatus><![CDATA[Y]]></menuStatus><template><![CDATA[contacto.php]]></template><parent><![CDATA[]]></parent><private><![CDATA[]]></private><author><![CDATA[suspensiones]]></author><slug><![CDATA[contacto]]></slug><filename><![CDATA[contacto.xml]]></filename></item><item><url>matrizqro</url><pubDate><![CDATA[Sun, 29 Apr 2012 17:13:16 -0500]]></pubDate><title><![CDATA[Matriz Querétaro]]></title><url><![CDATA[matrizqro]]></url><meta><![CDATA[]]></meta><metad><![CDATA[]]></metad><menu><![CDATA[Matriz Querétaro]]></menu><menuOrder><![CDATA[0]]></menuOrder><menuStatus><![CDATA[]]></menuStatus><template><![CDATA[template.php]]></template><parent><![CDATA[]]></parent><private><![CDATA[]]></private><author><![CDATA[suspensiones]]></author><slug><![CDATA[matrizqro]]></slug><filename><![CDATA[matrizqro.xml]]></filename></item><item><url>delaluz</url><pubDate><![CDATA[Sun, 29 Apr 2012 17:12:52 -0500]]></pubDate><title><![CDATA[Av. de la Luz]]></title><url><![CDATA[delaluz]]></url><meta><![CDATA[]]></meta><metad><![CDATA[]]></metad><menu><![CDATA[Av. de la Luz]]></menu><menuOrder><![CDATA[0]]></menuOrder><menuStatus><![CDATA[]]></menuStatus><template><![CDATA[template.php]]></template><parent><![CDATA[]]></parent><private><![CDATA[]]></private><author><![CDATA[suspensiones]]></author><slug><![CDATA[delaluz]]></slug><filename><![CDATA[delaluz.xml]]></filename></item><item><url>matrizsanjuan</url><pubDate><![CDATA[Sun, 29 Apr 2012 17:13:24 -0500]]></pubDate><title><![CDATA[Matriz San Juan del Río]]></title><url><![CDATA[matrizsanjuan]]></url><meta><![CDATA[]]></meta><metad><![CDATA[]]></metad><menu><![CDATA[Matriz San Juan del Río]]></menu><menuOrder><![CDATA[0]]></menuOrder><menuStatus><![CDATA[]]></menuStatus><template><![CDATA[template.php]]></template><parent><![CDATA[]]></parent><private><![CDATA[]]></private><author><![CDATA[suspensiones]]></author><slug><![CDATA[matrizsanjuan]]></slug><filename><![CDATA[matrizsanjuan.xml]]></filename></item><item><url>panamericana</url><pubDate><![CDATA[Sun, 29 Apr 2012 17:13:33 -0500]]></pubDate><title><![CDATA[Panamericana, san Juan del Río]]></title><url><![CDATA[panamericana]]></url><meta><![CDATA[]]></meta><metad><![CDATA[]]></metad><menu><![CDATA[Panamericana, san Juan del Río]]></menu><menuOrder><![CDATA[0]]></menuOrder><menuStatus><![CDATA[]]></menuStatus><template><![CDATA[template.php]]></template><parent><![CDATA[]]></parent><private><![CDATA[]]></private><author><![CDATA[suspensiones]]></author><slug><![CDATA[panamericana]]></slug><filename><![CDATA[panamericana.xml]]></filename></item><item><url>piedelacuesta</url><pubDate><![CDATA[Sun, 29 Apr 2012 17:13:40 -0500]]></pubDate><title><![CDATA[Pie de la Cuesta]]></title><url><![CDATA[piedelacuesta]]></url><meta><![CDATA[]]></meta><metad><![CDATA[]]></metad><menu><![CDATA[Pie de la Cuesta]]></menu><menuOrder><![CDATA[0]]></menuOrder><menuStatus><![CDATA[]]></menuStatus><template><![CDATA[template.php]]></template><parent><![CDATA[]]></parent><private><![CDATA[]]></private><author><![CDATA[suspensiones]]></author><slug><![CDATA[piedelacuesta]]></slug><filename><![CDATA[piedelacuesta.xml]]></filename></item><item><url>reformaagraria</url><pubDate><![CDATA[Sun, 29 Apr 2012 17:13:47 -0500]]></pubDate><title><![CDATA[Reforma Agraria]]></title><url><![CDATA[reformaagraria]]></url><meta><![CDATA[]]></meta><metad><![CDATA[]]></metad><menu><![CDATA[Reforma Agraria]]></menu><menuOrder><![CDATA[0]]></menuOrder><menuStatus><![CDATA[]]></menuStatus><template><![CDATA[template.php]]></template><parent><![CDATA[]]></parent><private><![CDATA[]]></private><author><![CDATA[suspensiones]]></author><slug><![CDATA[reformaagraria]]></slug><filename><![CDATA[reformaagraria.xml]]></filename></item><item><url>starosa</url><pubDate><![CDATA[Sun, 29 Apr 2012 17:13:52 -0500]]></pubDate><title><![CDATA[Santa Rosa Jauregui]]></title><url><![CDATA[starosa]]></url><meta><![CDATA[]]></meta><metad><![CDATA[]]></metad><menu><![CDATA[Santa Rosa Jauregui]]></menu><menuOrder><![CDATA[0]]></menuOrder><menuStatus><![CDATA[]]></menuStatus><template><![CDATA[template.php]]></template><parent><![CDATA[]]></parent><private><![CDATA[]]></private><author><![CDATA[suspensiones]]></author><slug><![CDATA[starosa]]></slug><filename><![CDATA[starosa.xml]]></filename></item><item><url>404</url><pubDate><![CDATA[Sun, 29 Apr 2012 17:12:38 -0500]]></pubDate><title><![CDATA[404]]></title><url><![CDATA[404]]></url><meta><![CDATA[]]></meta><metad><![CDATA[]]></metad><menu><![CDATA[404]]></menu><menuOrder><![CDATA[0]]></menuOrder><menuStatus><![CDATA[]]></menuStatus><template><![CDATA[template.php]]></template><parent><![CDATA[]]></parent><private><![CDATA[]]></private><author><![CDATA[suspensiones]]></author><slug><![CDATA[404]]></slug><filename><![CDATA[404.xml]]></filename></item></channel>
