<?xml version="1.0" encoding="UTF-8"?>
<item><pubDate>Sun, 29 Apr 2012 17:12:38 -0500</pubDate><title><![CDATA[404]]></title><url><![CDATA[404]]></url><meta><![CDATA[]]></meta><metad><![CDATA[]]></metad><menu><![CDATA[404]]></menu><menuOrder><![CDATA[0]]></menuOrder><menuStatus><![CDATA[]]></menuStatus><template><![CDATA[template.php]]></template><parent><![CDATA[]]></parent><content><![CDATA[&lt;p&gt;
	La página que buscas no se encuentra.&lt;/p&gt;
]]></content><private><![CDATA[]]></private><author><![CDATA[suspensiones]]></author></item>
