<?xml version="1.0" encoding="UTF-8"?>
<item><pubDate>Sun, 29 Apr 2012 17:13:00 -0500</pubDate><title><![CDATA[Bolsa de trabajo]]></title><url><![CDATA[bolsa]]></url><meta><![CDATA[]]></meta><metad><![CDATA[]]></metad><menu><![CDATA[Bolsa de trabajo]]></menu><menuOrder><![CDATA[4]]></menuOrder><menuStatus><![CDATA[Y]]></menuStatus><template><![CDATA[bolsadetrabajo.php]]></template><parent><![CDATA[]]></parent><content><![CDATA[&lt;p&gt;
	Si quieres formar parte de nuestro equipo, envíanos tu Curriculum, nosotros nos pondremos en contacto contigo.&lt;/p&gt;
]]></content><private><![CDATA[]]></private><author><![CDATA[suspensiones]]></author></item>
