<?xml version="1.0" encoding="UTF-8"?>
<item><pubDate>Sun, 29 Apr 2012 17:13:06 -0500</pubDate><title><![CDATA[Contacto]]></title><url><![CDATA[contacto]]></url><meta><![CDATA[]]></meta><metad><![CDATA[]]></metad><menu><![CDATA[Contacto]]></menu><menuOrder><![CDATA[5]]></menuOrder><menuStatus><![CDATA[Y]]></menuStatus><template><![CDATA[contacto.php]]></template><parent><![CDATA[]]></parent><content><![CDATA[&lt;p&gt;
	&lt;em&gt;Conmutador (442) 235 51 00&lt;br /&gt;
	contacto@suspensiones.mx&lt;/em&gt;&lt;/p&gt;
&lt;p&gt;
	&lt;em&gt;Envíanos tu solicitud de pedido a través del siguiente formulario:&lt;/em&gt;&lt;/p&gt;
]]></content><private><![CDATA[]]></private><author><![CDATA[suspensiones]]></author></item>
