<?xml version="1.0" encoding="UTF-8"?>
<item><pubDate>Sun, 29 Apr 2012 17:13:59 -0500</pubDate><title><![CDATA[Todo en suspensión]]></title><url><![CDATA[index]]></url><meta><![CDATA[]]></meta><metad><![CDATA[]]></metad><menu><![CDATA[Inicio]]></menu><menuOrder><![CDATA[1]]></menuOrder><menuStatus><![CDATA[Y]]></menuStatus><template><![CDATA[inicio.php]]></template><parent><![CDATA[]]></parent><content><![CDATA[&lt;p&gt;
	&lt;em&gt;&lt;strong&gt;Suspensiones del Bajío, tu seguridad en suspensiones y dirección automotríz.&lt;/strong&gt;&lt;/em&gt;&lt;br /&gt;
	&lt;br /&gt;
	Somos un proveedor de partes automotrices de suspensión, dirección y amortiguadores para marcas nacionales e importadas. Contamos con las mejores marcas y la mejor calidad en todas las partes y refacciones.&lt;br /&gt;
	&lt;br /&gt;
	Tenemos cobertura en toda la ciudad de Querétaro y San Juan del Río. Manejamos piezas para la suspensión y dirección de todas las marcas. Conseguimos la piezas más dificiles.&lt;br /&gt;
	&lt;br /&gt;
	Tenemos 40 años de experiencia.&lt;/p&gt;
]]></content><private><![CDATA[]]></private><author><![CDATA[suspensiones]]></author></item>
