<?xml version="1.0" encoding="UTF-8"?>
<item><pubDate>Sun, 29 Apr 2012 17:12:45 -0500</pubDate><title><![CDATA[Acerca de Nosotros]]></title><url><![CDATA[nosotros]]></url><meta><![CDATA[]]></meta><metad><![CDATA[]]></metad><menu><![CDATA[Nosotros]]></menu><menuOrder><![CDATA[2]]></menuOrder><menuStatus><![CDATA[Y]]></menuStatus><template><![CDATA[template.php]]></template><parent><![CDATA[]]></parent><content><![CDATA[&lt;p&gt;
	&lt;em&gt;&lt;strong&gt;Historia&lt;/strong&gt;&lt;/em&gt;&lt;br /&gt;
	En Suspensiones del Bajío S.A. de C.V. iniciamos operaciones el 9 de julio de 1998. En 1999 inauguramos la primera sucursal en Satélite, después en San Juan del Río y hemos continuado el desarrollo de la compañía, actualmente contamos con 6 puntos de venta.&lt;/p&gt;
&lt;p&gt;
	Estamos posicionados como el número uno en venta de partes para suspensión automotriz en Querétaro.&lt;/p&gt;
&lt;p&gt;
	&lt;em&gt;&lt;strong&gt;Misión&lt;/strong&gt;&lt;/em&gt;&lt;br /&gt;
	Satisfacer las necesidades del mercado como proveedor de partes automotrices de suspensión, dirección y amortiguadores para marcas nacionales e importadas.&lt;/p&gt;
&lt;p&gt;
	&lt;em&gt;&lt;strong&gt;Visión&lt;/strong&gt;&lt;/em&gt;&lt;br /&gt;
	Tener un desarrollo y crecimiento sostenido con expansión a nivel nacional siempre con nuestro lema “El cliente es primero” a precios competitivos, excelente calidad y servicio.&lt;/p&gt;
&lt;p&gt;
	&lt;em&gt;&lt;strong&gt;Filosofía&lt;/strong&gt;&lt;/em&gt;&lt;br /&gt;
	Ser una empresa comprometida con el bienestar de sus colaboradores y sus familias, velando siempre por los intereses organizacionales sumando esfuerzos para alcanzar los objetivos de crecimiento, con liderazgo e integración con nuestros clientes y proveedores.&lt;/p&gt;
]]></content><private><![CDATA[]]></private><author><![CDATA[suspensiones]]></author></item>
