<?xml version="1.0" encoding="UTF-8"?>
<item><pubDate>Sun, 29 Apr 2012 17:13:33 -0500</pubDate><title><![CDATA[Panamericana, san Juan del Río]]></title><url><![CDATA[panamericana]]></url><meta><![CDATA[]]></meta><metad><![CDATA[]]></metad><menu><![CDATA[Panamericana, san Juan del Río]]></menu><menuOrder><![CDATA[0]]></menuOrder><menuStatus><![CDATA[]]></menuStatus><template><![CDATA[template.php]]></template><parent><![CDATA[]]></parent><content><![CDATA[&lt;p&gt;
	&lt;iframe frameborder=&quot;0&quot; height=&quot;560&quot; marginheight=&quot;0&quot; marginwidth=&quot;0&quot; scrolling=&quot;no&quot; src=&quot;http://maps.google.com.mx/maps?f=q&amp;amp;source=s_q&amp;amp;hl=es&amp;amp;geocode=&amp;amp;q=Panamericana+98,+San+Juan+del+R%C3%ADo,+Quer%C3%A9taro&amp;amp;aq=0&amp;amp;oq=98+Panamericana,+San+Juan+del+R%C3%ADo,+Quer%C3%A9taro&amp;amp;sll=20.380385,-99.996169&amp;amp;sspn=0.011465,0.01929&amp;amp;ie=UTF8&amp;amp;hq=&amp;amp;hnear=Panamericana+98,+San+Juan+del+R%C3%ADo,+Quer%C3%A9taro+de+Arteaga&amp;amp;t=m&amp;amp;ll=20.380415,-99.996164&amp;amp;spn=0.011264,0.011995&amp;amp;z=16&amp;amp;iwloc=A&amp;amp;output=embed&quot; width=&quot;560&quot;&gt;&lt;/iframe&gt;&lt;/p&gt;
]]></content><private><![CDATA[]]></private><author><![CDATA[suspensiones]]></author></item>
