<?xml version="1.0" encoding="UTF-8"?>
<item><pubDate>Sun, 29 Apr 2012 17:13:40 -0500</pubDate><title><![CDATA[Pie de la Cuesta]]></title><url><![CDATA[piedelacuesta]]></url><meta><![CDATA[]]></meta><metad><![CDATA[]]></metad><menu><![CDATA[Pie de la Cuesta]]></menu><menuOrder><![CDATA[0]]></menuOrder><menuStatus><![CDATA[]]></menuStatus><template><![CDATA[template.php]]></template><parent><![CDATA[]]></parent><content><![CDATA[&lt;p&gt;
	&lt;iframe frameborder=&quot;0&quot; height=&quot;560&quot; marginheight=&quot;0&quot; marginwidth=&quot;0&quot; scrolling=&quot;no&quot; src=&quot;http://maps.google.com.mx/maps?f=q&amp;amp;source=s_q&amp;amp;hl=es&amp;amp;geocode=&amp;amp;q=Pie+de+La+Cuesta+1334,+San+Pablo,+Quer%C3%A9taro,+QRO&amp;amp;aq=&amp;amp;sll=20.638288,-100.405973&amp;amp;sspn=0.011366,0.01929&amp;amp;ie=UTF8&amp;amp;hq=&amp;amp;hnear=Pie+de+La+Cuesta+1334,+Colinas+de+San+Pablo,+Quer%C3%A9taro,+Quer%C3%A9taro+de+Arteaga&amp;amp;t=m&amp;amp;ll=20.638327,-100.405941&amp;amp;spn=0.044981,0.047979&amp;amp;z=16&amp;amp;iwloc=A&amp;amp;output=embed&quot; width=&quot;560&quot;&gt;&lt;/iframe&gt;&lt;/p&gt;
]]></content><private><![CDATA[]]></private><author><![CDATA[suspensiones]]></author></item>
