<?xml version="1.0" encoding="UTF-8"?>
<item><pubDate>Sun, 29 Apr 2012 17:10:49 -0500</pubDate><title><![CDATA[Productos]]></title><url><![CDATA[productos]]></url><meta><![CDATA[]]></meta><metad><![CDATA[]]></metad><menu><![CDATA[Productos]]></menu><menuOrder><![CDATA[3]]></menuOrder><menuStatus><![CDATA[Y]]></menuStatus><template><![CDATA[template.php]]></template><parent><![CDATA[]]></parent><content><![CDATA[&lt;p&gt;
	&lt;em&gt;&lt;strong&gt;Somos tu mejor opción en&lt;/strong&gt;&lt;/em&gt;&lt;/p&gt;
&lt;hr style=&quot;clear:both;&quot; /&gt;
&lt;p&gt;
	&lt;img src=&quot;data/uploads/productos01.jpg&quot; style=&quot;float: right; margin: 20px 0px 10px 10px;&quot; /&gt;&lt;br /&gt;
	&lt;strong&gt;Supensión:&lt;/strong&gt;&lt;/p&gt;
&lt;br /&gt;
&lt;ul&gt;
	&lt;li&gt;
		&lt;em&gt;Amortiguadores&lt;/em&gt;&lt;/li&gt;
	&lt;li&gt;
		&lt;em&gt;Bujes&lt;/em&gt;&lt;/li&gt;
	&lt;li&gt;
		&lt;em&gt;Horquillas&lt;/em&gt;&lt;/li&gt;
	&lt;li&gt;
		&lt;em&gt;Resortes&lt;/em&gt;&lt;/li&gt;
	&lt;li&gt;
		&lt;em&gt;Rótulas&lt;/em&gt;&lt;/li&gt;
	&lt;li&gt;
		&lt;em&gt;Tornillos estabilizadores&lt;/em&gt;&lt;/li&gt;
&lt;/ul&gt;
&lt;hr style=&quot;clear:both;&quot; /&gt;
&lt;p&gt;
	&lt;img src=&quot;data/uploads/productos02.jpg&quot; style=&quot;float: right; margin: 20px 0px 10px 10px;&quot; /&gt;&lt;br /&gt;
	&lt;strong&gt;Dirección:&lt;/strong&gt;&lt;/p&gt;
&lt;br /&gt;
&lt;ul&gt;
	&lt;li&gt;
		&lt;em&gt;Brazos auxiliares&lt;/em&gt;&lt;/li&gt;
	&lt;li&gt;
		&lt;em&gt;Brazos Pitman&lt;/em&gt;&lt;/li&gt;
	&lt;li&gt;
		&lt;em&gt;Canillas&lt;/em&gt;&lt;/li&gt;
	&lt;li&gt;
		&lt;em&gt;Terminales&lt;/em&gt;&lt;/li&gt;
	&lt;li&gt;
		&lt;em&gt;Varillas&lt;/em&gt;&lt;/li&gt;
&lt;/ul&gt;
&lt;hr style=&quot;clear:both;&quot; /&gt;
&lt;p&gt;
	&lt;img src=&quot;data/uploads/productos03.jpg&quot; style=&quot;float: right; margin: 20px 0px 10px 10px;&quot; /&gt;&lt;br /&gt;
	&lt;strong&gt;Tracción:&lt;/strong&gt;&lt;/p&gt;
&lt;br /&gt;
&lt;ul&gt;
	&lt;li&gt;
		&lt;em&gt;Valeros dobles&lt;/em&gt;&lt;/li&gt;
	&lt;li&gt;
		&lt;em&gt;Juntas Homocinéticas&lt;/em&gt;&lt;/li&gt;
	&lt;li&gt;
		&lt;em&gt;Mazas&lt;/em&gt;&lt;/li&gt;
&lt;/ul&gt;
&lt;hr style=&quot;clear:both;&quot; /&gt;
&lt;p&gt;
	&lt;img src=&quot;data/uploads/productos04.jpg&quot; style=&quot;float: right; margin: 20px 0px 10px 10px;&quot; /&gt;&lt;br /&gt;
	&lt;strong&gt;Más:&lt;/strong&gt;&lt;/p&gt;
&lt;br /&gt;
&lt;ul&gt;
	&lt;li&gt;
		&lt;em&gt;Amortiguadores de cajuela&lt;/em&gt;&lt;/li&gt;
	&lt;li&gt;
		&lt;em&gt;Soportes de motor&lt;/em&gt;&lt;/li&gt;
&lt;/ul&gt;
]]></content><private><![CDATA[]]></private><author><![CDATA[suspensiones]]></author></item>
