<?xml version="1.0" encoding="UTF-8"?>
<item><pubDate>Sun, 29 Apr 2012 17:13:47 -0500</pubDate><title><![CDATA[Reforma Agraria]]></title><url><![CDATA[reformaagraria]]></url><meta><![CDATA[]]></meta><metad><![CDATA[]]></metad><menu><![CDATA[Reforma Agraria]]></menu><menuOrder><![CDATA[0]]></menuOrder><menuStatus><![CDATA[]]></menuStatus><template><![CDATA[template.php]]></template><parent><![CDATA[]]></parent><content><![CDATA[&lt;p&gt;
	&lt;iframe frameborder=&quot;0&quot; height=&quot;560&quot; marginheight=&quot;0&quot; marginwidth=&quot;0&quot; scrolling=&quot;no&quot; src=&quot;http://maps.google.com.mx/maps?f=q&amp;amp;source=s_q&amp;amp;hl=es&amp;amp;geocode=&amp;amp;q=130+De+Las+Americas,+Santiago+de+Quer%C3%A9taro,+Quer%C3%A9taro,+M%C3%A9xico&amp;amp;aq=&amp;amp;sll=20.564746,-100.400544&amp;amp;sspn=0.001431,0.002411&amp;amp;ie=UTF8&amp;amp;hq=&amp;amp;hnear=De+Las+Americas+130,+Santiago+de+Quer%C3%A9taro,+Quer%C3%A9taro+de+Arteaga&amp;amp;t=m&amp;amp;ll=20.564754,-100.400448&amp;amp;spn=0.011251,0.011995&amp;amp;z=16&amp;amp;iwloc=A&amp;amp;output=embed&quot; width=&quot;560&quot;&gt;&lt;/iframe&gt;&lt;/p&gt;
]]></content><private><![CDATA[]]></private><author><![CDATA[suspensiones]]></author></item>
