<?xml version="1.0" encoding="UTF-8"?>
<item><pubDate>Sun, 29 Apr 2012 17:13:52 -0500</pubDate><title><![CDATA[Santa Rosa Jauregui]]></title><url><![CDATA[starosa]]></url><meta><![CDATA[]]></meta><metad><![CDATA[]]></metad><menu><![CDATA[Santa Rosa Jauregui]]></menu><menuOrder><![CDATA[0]]></menuOrder><menuStatus><![CDATA[]]></menuStatus><template><![CDATA[template.php]]></template><parent><![CDATA[]]></parent><content><![CDATA[&lt;p&gt;
	&lt;iframe frameborder=&quot;0&quot; height=&quot;560&quot; marginheight=&quot;0&quot; marginwidth=&quot;0&quot; scrolling=&quot;no&quot; src=&quot;http://maps.google.com.mx/maps?f=q&amp;amp;source=s_q&amp;amp;hl=es&amp;amp;geocode=&amp;amp;q=Acceso,+Santa+Rosa+J%C3%A1uregui&amp;amp;aq=&amp;amp;sll=20.749782,-100.44377&amp;amp;sspn=0.011357,0.01929&amp;amp;ie=UTF8&amp;amp;hq=&amp;amp;hnear=Acceso,+Santa+Rosa+J%C3%A1uregui,+Quer%C3%A9taro+de+Arteaga&amp;amp;t=m&amp;amp;ll=20.749773,-100.443792&amp;amp;spn=0.044948,0.047979&amp;amp;z=15&amp;amp;iwloc=A&amp;amp;output=embed&quot; width=&quot;560&quot;&gt;&lt;/iframe&gt;&lt;/p&gt;
]]></content><private><![CDATA[]]></private><author><![CDATA[suspensiones]]></author></item>
